calls_date,unmatched_callers
2023-01-01,131
2023-01-02,135
2023-01-03,132
2023-01-04,121
2023-01-05,123
2023-01-06,170
2023-01-07,167
2023-01-08,186
2023-01-09,125
2023-01-10,105
2023-01-11,107
2023-01-12,109
2023-01-13,70
2023-01-14,44
2023-01-15,74
2023-01-16,142
2023-01-17,125
2023-01-18,128
2023-01-19,153
2023-01-20,135
2023-01-21,122
2023-01-22,76
2023-01-23,123
2023-01-24,131
2023-01-25,96
2023-01-26,91
2023-01-27,99
2023-01-28,118
2023-01-29,138
2023-01-30,96
2023-01-31,77
2023-02-01,28
2023-02-02,36
2023-02-03,34
2023-02-04,30
2023-02-05,37
2023-02-06,90
2023-02-07,93
2023-02-08,113
2023-02-09,83
2023-02-10,92
2023-02-11,103
2023-02-12,79
2023-02-13,108
2023-02-14,97
2023-02-15,107
2023-02-16,80
2023-02-17,41
2023-02-18,99
2023-02-19,100
2023-02-20,102
2023-02-21,101
2023-02-22,65
2023-02-23,37
2023-02-24,33
2023-02-25,30
2023-02-26,32
2023-02-27,74
2023-02-28,93
2023-03-01,127
2023-03-02,109
2023-03-03,74
2023-03-04,84
2023-03-05,109
2023-03-06,105
2023-03-07,105
2023-03-08,140
2023-03-09,88
2023-03-10,85
2023-03-11,95
2023-03-12,80
2023-03-13,134
2023-03-14,171
2023-03-15,150
2023-03-16,134
2023-03-17,114
2023-03-18,112
2023-03-19,124
2023-03-20,140
2023-03-21,168
2023-03-22,161
2023-03-23,141
2023-03-24,149
2023-03-25,164
2023-03-26,154
2023-03-27,134
2023-03-28,127
2023-03-29,87
2023-03-30,62
2023-03-31,88
2023-04-01,60
2023-04-02,97
2023-04-03,138
2023-04-04,151
2023-04-05,151
2023-04-06,153
2023-04-07,129
2023-04-08,126
2023-04-09,121
2023-04-10,161
2023-04-11,114
2023-04-12,108
2023-04-13,131
2023-04-14,144
2023-04-15,138
2023-04-16,175
2023-04-17,166
2023-04-18,163
2023-04-19,140
2023-04-20,146
2023-04-21,158
2023-04-22,148
2023-04-23,159
2023-04-24,173
2023-04-25,154
2023-04-26,114
2023-04-27,139
2023-04-28,168
2023-04-29,187
2023-04-30,199
2023-05-01,209
2023-05-02,236
2023-05-03,208
2023-05-04,189
2023-05-05,206
2023-05-06,165
2023-05-07,222
2023-05-08,178
2023-05-09,182
2023-05-10,195
2023-05-11,209
2023-05-12,244
2023-05-13,210
2023-05-14,232
2023-05-15,180
2023-05-16,249
2023-05-17,224
2023-05-18,213
2023-05-19,251
2023-05-20,272
2023-05-21,279
2023-05-22,209
2023-05-23,233
2023-05-24,200
2023-05-25,219
2023-05-26,213
2023-05-27,218
2023-05-28,219
2023-05-29,273
2023-05-30,227
2023-05-31,252
2023-06-01,260
2023-06-02,228
2023-06-03,204
2023-06-04,255
2023-06-05,253
2023-06-06,278
2023-06-07,265
2023-06-08,318
2023-06-09,295
2023-06-10,288
2023-06-11,296
2023-06-12,235
2023-06-13,264
2023-06-14,253
2023-06-15,292
2023-06-16,288
2023-06-17,314
2023-06-18,253
2023-06-19,235
2023-06-20,242
2023-06-21,267
2023-06-22,265
2023-06-23,262
2023-06-24,270
2023-06-25,264
2023-06-26,316
2023-06-27,296
2023-06-28,326
2023-06-29,331
2023-06-30,293
2023-07-01,251
2023-07-02,243
2023-07-03,273
2023-07-04,257
2023-07-05,300
2023-07-06,273
2023-07-07,291
2023-07-08,239
2023-07-09,191
2023-07-10,265
2023-07-11,295
2023-07-12,330
2023-07-13,246
2023-07-14,228
2023-07-15,229
2023-07-16,199
2023-07-17,159
2023-07-18,161
2023-07-19,245
2023-07-20,244
2023-07-21,201
2023-07-22,179
2023-07-23,213
2023-07-24,233
2023-07-25,264
2023-07-26,253
2023-07-27,284
2023-07-28,223
2023-07-29,224
2023-07-30,181
2023-07-31,237
2023-08-01,231
2023-08-02,298
2023-08-03,287
2023-08-04,259
2023-08-05,224
2023-08-06,247
2023-08-07,264
2023-08-08,226
2023-08-09,296
2023-08-10,272
2023-08-11,151
2023-08-12,187
2023-08-13,168
2023-08-14,289
2023-08-15,240
2023-08-16,264
2023-08-17,265
2023-08-18,260
2023-08-19,217
2023-08-20,187
2023-08-21,237
2023-08-22,244
2023-08-23,282
2023-08-24,270
2023-08-25,255
2023-08-26,249
2023-08-27,200
2023-08-28,243
2023-08-29,216
2023-08-30,296
2023-08-31,248
2023-09-01,246
2023-09-02,267
2023-09-03,239
2023-09-04,271
2023-09-05,270
2023-09-06,295
2023-09-07,305
2023-09-08,276
2023-09-09,248
2023-09-10,268
2023-09-11,264
2023-09-12,252
2023-09-13,314
2023-09-14,272
2023-09-15,232
2023-09-16,270
2023-09-17,229
2023-09-18,285
2023-09-19,304
2023-09-20,279
2023-09-21,272
2023-09-22,325
2023-09-23,276
2023-09-24,270
2023-09-25,327
2023-09-26,333
2023-09-27,323
2023-09-28,304
2023-09-29,284
2023-09-30,239
2023-10-01,276
2023-10-02,253
2023-10-03,270
2023-10-04,292
2023-10-05,334
2023-10-06,301
2023-10-07,297
2023-10-08,279
2023-10-09,299
2023-10-10,351
2023-10-11,371
2023-10-12,303
2023-10-13,271
2023-10-14,278
2023-10-15,264
2023-10-16,311
2023-10-17,365
2023-10-18,350
2023-10-19,322
2023-10-20,309
2023-10-21,332
2023-10-22,256
2023-10-23,297
2023-10-24,277
2023-10-25,251
2023-10-26,243
2023-10-27,263
2023-10-28,258
2023-10-29,254
2023-10-30,242
2023-10-31,261
2023-11-01,216
2023-11-02,233
2023-11-03,269
2023-11-04,282
2023-11-05,249
2023-11-06,271
2023-11-07,248
2023-11-08,220
2023-11-09,263
2023-11-10,248
2023-11-11,253
2023-11-12,289
2023-11-13,300
2023-11-14,283
2023-11-15,248
2023-11-16,243
2023-11-17,249
2023-11-18,204
2023-11-19,180
2023-11-20,219
2023-11-21,221
2023-11-22,193
2023-11-23,257
2023-11-24,253
2023-11-25,227
2023-11-26,233
2023-11-27,252
2023-11-28,277
2023-11-29,232
2023-11-30,247
2023-12-01,150
2023-12-02,179
2023-12-03,180
2023-12-04,197
2023-12-05,122
2023-12-06,184
2023-12-07,190
2023-12-08,189
2023-12-09,195
2023-12-10,181
2023-12-11,220
2023-12-12,206
2023-12-13,221
2023-12-14,191
2023-12-15,174
2023-12-16,157
2023-12-17,167
2023-12-18,212
2023-12-19,149
2023-12-20,162
2023-12-21,165
2023-12-22,108
2023-12-23,151
2023-12-24,112
2023-12-25,116
2023-12-26,145
2023-12-27,126
2023-12-28,137
2023-12-29,139
2023-12-30,168
2023-12-31,114
